{
  "UNKNOWN": [
    0,
    0,
    0
  ],
  "us": [
    -0.13932792439271577,
    -0.7557291714716826,
    0.6398915133607741
  ],
  "ie": [
    0.5978473530247427,
    -0.08380342004024875,
    0.7972173663881553
  ],
  "gb": [
    0.5829966483575322,
    -0.01952358729940759,
    0.8122399507182877
  ],
  "in": [
    0.18173544732170924,
    0.9068397201007141,
    0.38028140795263277
  ]
}
        