{
  "global": [0, 0, 0, 0, 0, 0, 0],
  "northamerica-northeast1-a":  [0.19778389011491954, -0.6724610873087384, 0.7132163899312457, 1, 0, 0, 0],
  "northamerica-northeast1-b":  [0.19778389011491954, -0.6724610873087384, 0.7132163899312457, 0, 1, 0, 0],
  "northamerica-northeast1-c":  [0.19778389011491954, -0.6724610873087384, 0.7132163899312457, 0, 0, 1, 0],
  "us-central1":  [-0.07676530462456933, -0.7477702257024678, 0.6595049488508615, 0, 0, 0, 0],
  "us-central1-a":  [-0.07676530462456933, -0.7477702257024678, 0.6595049488508615, 1, 0, 0, 0],
  "us-central1-b":  [-0.07676530462456933, -0.7477702257024678, 0.6595049488508615, 0, 1, 0, 0],
  "us-central1-c":  [-0.07676530462456933, -0.7477702257024678, 0.6595049488508615, 0, 0, 1, 0],
  "us-central1-f":  [-0.07676530462456933, -0.7477702257024678, 0.6595049488508615, 0, 0, 0, 1],
  "us-west1-a":  [-0.36226930666411206, -0.59855114034459, 0.714491064913547, 1, 0, 0, 0],
  "us-west1-b":  [-0.36226930666411206, -0.59855114034459, 0.714491064913547, 0, 1, 0, 0],
  "us-west1-c":  [-0.36226930666411206, -0.59855114034459, 0.714491064913547, 0, 1, 1, 0],
  "us-east4-a":  [0.16826674413277656, -0.7582187400871723, 0.6299132043381658, 1, 0, 0, 0],
  "us-east4-b":  [0.16826674413277656, -0.7582187400871723, 0.6299132043381658, 0, 1, 0, 0],
  "us-east4-c":  [0.16826674413277656, -0.7582187400871723, 0.6299132043381658, 0, 0, 0, 1],
  "us-east1-b":  [0.14512027135258462, -0.8241228987091005, 0.5475048444222772, 1, 0, 0, 0],
  "us-east1-c":  [0.14512027135258462, -0.8241228987091005, 0.5475048444222772, 0, 1, 0, 0],
  "us-east1-d":  [0.14512027135258462, -0.8241228987091005, 0.5475048444222772, 0, 0, 1, 0],
  "us":  [-0.04874708652287521, -0.7670058827415563, 0.6397856651999771, 0, 0, 0, 0],
  "southamerica-east1-a":  [0.629469904264376, -0.6664231048153917, -0.3995596138170257, 1, 0, 0, 0],
  "southamerica-east1-b":  [0.629469904264376, -0.6664231048153917, -0.3995596138170257, 0, 1, 0, 0],
  "southamerica-east1-c":  [0.629469904264376, -0.6664231048153917, -0.3995596138170257, 0, 0, 1, 0],
  "europe-west1":  [0.6353672460462368, 0.04241851363018023, 0.7710441831393497, 0, 0, 0, 0],
  "europe-west1-b":  [0.6353672460462368, 0.04241851363018023, 0.7710441831393497, 1, 0, 0, 0],
  "europe-west1-c":  [0.6353672460462368, 0.04241851363018023, 0.7710441831393497, 0, 1, 0, 0],
  "europe-west1-d":  [0.6353672460462368, 0.04241851363018023, 0.7710441831393497, 0, 0, 1, 0],
  "europe-west2":  [0.6224130764268514, -0.0013866561037053564, 0.7826877023933061, 0, 0, 0, 0],
  "europe-west2-a":  [0.6224130764268514, -0.0013866561037053564, 0.7826877023933061, 1, 0, 0, 0],
  "europe-west2-b":  [0.6224130764268514, -0.0013866561037053564, 0.7826877023933061, 0, 1, 0, 0],
  "europe-west2-c":  [0.6224130764268514, -0.0013866561037053564, 0.7826877023933061, 0, 0, 1, 0],
  "europe-west3":  [0.6339584333336697, 0.09680649292159728, 0.7672843069771073, 0, 0, 0, 0],
  "europe-west3-a":  [0.6339584333336697, 0.09680649292159728, 0.7672843069771073, 1, 0, 0, 0],
  "europe-west3-b":  [0.6339584333336697, 0.09680649292159728, 0.7672843069771073, 0, 1, 0, 0],
  "europe-west3-c":  [0.6339584333336697, 0.09680649292159728, 0.7672843069771073, 0, 0, 1, 0],
  "europe-west4-b":  [0.5912996687461257, 0.07099500717943297, 0.80332086409872, 1, 0, 0, 0],
  "europe-west4-c":  [0.5912996687461257, 0.07099500717943297, 0.80332086409872, 0, 1, 0, 0],
  "eu":  [0.6219786888528926, 0.05228495982166889, 0.7812866270385554, 0, 0, 0, 0],
  "asia-south1-a":  [0.27798258994227204, 0.9029357769856529, 0.32776922114240953, 1, 0, 0, 0],
  "asia-south1-b":  [0.27798258994227204, 0.9029357769856529, 0.32776922114240953, 0, 1, 0, 0],
  "asia-south1-c":  [0.27798258994227204, 0.9029357769856529, 0.32776922114240953, 0, 0, 1, 0],
  "asia-southeast1-a":  [-0.23689781675419685, 0.9712532366486197, 0.02337893745821264, 1, 0, 0, 0],
  "asia-southeast1-b":  [-0.23689781675419685, 0.9712532366486197, 0.02337893745821264, 0, 1, 0, 0],
  "asia-east1-a":  [-0.4639970898798718, 0.7863146421033731, 0.407941152860133, 1, 0, 0, 0],
  "asia-east1-b":  [-0.4639970898798718, 0.7863146421033731, 0.407941152860133, 0, 1, 0, 0],
  "asia-east1-c":  [-0.4639970898798718, 0.7863146421033731, 0.407941152860133, 0, 0, 1, 0],
  "asia-northeast1-a":  [-0.6267986904175172, 0.5392313924945217, 0.5624525820363033, 1, 0, 0, 0],
  "asia-northeast1-b":  [-0.6267986904175172, 0.5392313924945217, 0.5624525820363033, 0, 1, 0, 0],
  "asia-northeast1-c":  [-0.6267986904175172, 0.5392313924945217, 0.5624525820363033, 0, 0, 1, 0],
  "australia-southeast1-a":  [-0.7278453846825343, 0.39986423867302867, -0.5570903756364606, 1, 0, 0, 0],
  "australia-southeast1-b":  [-0.7278453846825343, 0.39986423867302867, -0.5570903756364606, 0, 1, 0, 0],
  "australia-southeast1-c":  [-0.7278453846825343, 0.39986423867302867, -0.5570903756364606, 0, 0, 1, 0]
}